method,idx,n_ch,implemented,eq1_full,eq1_mod,concentration
standard,460,9,0.35336095,0.2222222222222222,0.4444444444444444,0.37129223
standard,460,9,0.35336095,0.2222222222222222,0.4444444444444444,0.37129223
standard,460,9,0.35336095,0.2222222222222222,0.4444444444444444,0.37129223
standard,438,8,0.58033514,0.625,0.625,0.6303318
standard,438,9,0.59474075,0.5555555555555556,0.5555555555555556,0.62242347
standard,438,9,0.59474075,0.5555555555555556,0.5555555555555556,0.62242347
standard,372,9,0.5666656,0.5555555555555556,0.5555555555555556,0.60041386
standard,372,9,0.5666656,0.5555555555555556,0.5555555555555556,0.60041386
standard,372,9,0.5666656,0.5555555555555556,0.5555555555555556,0.60041386
standard,141,10,0.95214355,0.5,0.5,0.96087956
standard,141,10,0.95214355,0.5,0.5,0.96087956
standard,141,10,0.95214355,0.5,0.5,0.96087956
standard,437,10,0.7606309,0.4,0.5,0.7695544
standard,437,11,0.9751979,0.45454545454545453,0.5454545454545454,0.980294
standard,437,11,0.9751979,0.45454545454545453,0.5454545454545454,0.980294
standard,163,10,0.7276958,0.4,0.4,0.7414193
standard,163,10,0.7276958,0.4,0.4,0.7414193
standard,163,11,0.93850434,0.45454545454545453,0.45454545454545453,0.9461659
standard,538,10,0.913905,0.5,0.5,0.93800956
standard,538,10,0.913905,0.5,0.5,0.93800956
standard,538,10,0.913905,0.5,0.5,0.93800956
standard,672,9,0.42564696,0.2222222222222222,0.3333333333333333,0.46487144
standard,672,10,0.59742063,0.3,0.4,0.6283746
standard,672,10,0.5829246,0.3,0.4,0.6131274
standard,659,10,0.7998776,0.5,0.5,0.8154065
standard,659,10,0.7998776,0.5,0.5,0.8154065
standard,659,10,0.7998776,0.5,0.5,0.8154065
standard,944,9,0.71208006,0.3333333333333333,0.3333333333333333,0.7704572
standard,944,11,0.9325552,0.36363636363636365,0.45454545454545453,0.94540197
standard,944,11,0.9325552,0.36363636363636365,0.45454545454545453,0.94540197
standard,428,9,0.9020591,0.4444444444444444,0.6666666666666666,0.94218355
standard,428,10,0.96104676,0.4,0.6,0.9707318
standard,428,9,0.9020591,0.4444444444444444,0.6666666666666666,0.94218355
standard,837,10,0.8671466,0.4,0.5,0.89841264
standard,837,10,0.8385736,0.4,0.4,0.86880934
standard,837,11,0.8428826,0.36363636363636365,0.45454545454545453,0.8501655
standard,722,9,0.5442064,0.2222222222222222,0.4444444444444444,0.6115692
standard,722,9,0.5442064,0.2222222222222222,0.4444444444444444,0.6115692
standard,722,10,0.62133116,0.3,0.5,0.6664693
standard,573,10,0.7980035,0.4,0.5,0.82568866
standard,573,10,0.7980035,0.4,0.5,0.82568866
standard,573,10,0.87284106,0.5,0.5,0.90312254
standard,1063,9,0.5146,0.2222222222222222,0.4444444444444444,0.54853594
standard,1063,9,0.788732,0.3333333333333333,0.5555555555555556,0.8407459
standard,1063,10,0.8166211,0.3,0.5,0.84534365
standard,950,7,0.72324157,0.7142857142857143,0.7142857142857143,0.83302975
standard,950,9,0.64453137,0.4444444444444444,0.4444444444444444,0.6834579
standard,950,10,0.818613,0.5,0.5,0.83984774
standard,978,9,0.54973423,0.2222222222222222,0.4444444444444444,0.5769642
standard,978,9,0.54973423,0.2222222222222222,0.4444444444444444,0.5769642
standard,978,9,0.64052707,0.2222222222222222,0.4444444444444444,0.6722542
standard,377,10,0.8981599,0.5,0.5,0.92106295
standard,377,10,0.8981599,0.5,0.5,0.92106295
standard,377,10,0.8981599,0.5,0.5,0.92106295
standard,10,9,0.8797441,0.5555555555555556,0.5555555555555556,0.90079635
standard,10,9,0.81057775,0.4444444444444444,0.4444444444444444,0.82997483
standard,10,9,0.8742144,0.5555555555555556,0.5555555555555556,0.8951343
standard,32,10,0.6796763,0.4,0.4,0.716893
standard,32,10,0.8760462,0.4,0.5,0.92401546
standard,32,11,0.97197944,0.45454545454545453,0.5454545454545454,0.99577165
shap_guided,460,6,0.6803297,0.5,0.8333333333333334,0.811999
shap_guided,460,6,0.6803297,0.5,0.8333333333333334,0.811999
shap_guided,460,6,0.6803297,0.5,0.8333333333333334,0.811999
shap_guided,438,6,0.48687595,0.8333333333333334,0.8333333333333334,0.5885669
shap_guided,438,6,0.48687595,0.8333333333333334,0.8333333333333334,0.5885669
shap_guided,438,6,0.7735227,0.8333333333333334,0.8333333333333334,0.93508387
shap_guided,372,6,0.47842908,0.8333333333333334,0.8333333333333334,0.568679
shap_guided,372,6,0.47842908,0.8333333333333334,0.8333333333333334,0.568679
shap_guided,372,6,0.47842908,0.8333333333333334,0.8333333333333334,0.568679
shap_guided,141,6,0.8841348,0.8333333333333334,0.8333333333333334,0.96594924
shap_guided,141,6,0.8841348,0.8333333333333334,0.8333333333333334,0.96594924
shap_guided,141,6,0.8841348,0.8333333333333334,0.8333333333333334,0.96594924
shap_guided,437,6,0.6222393,0.6666666666666666,0.8333333333333334,0.74823654
shap_guided,437,6,0.6222393,0.6666666666666666,0.8333333333333334,0.74823654
shap_guided,437,6,0.6222393,0.6666666666666666,0.8333333333333334,0.74823654
shap_guided,163,5,0.55780184,0.8,0.8,0.7334549
shap_guided,163,7,0.83010596,0.8571428571428571,0.8571428571428571,0.94711185
shap_guided,163,7,0.83010596,0.8571428571428571,0.8571428571428571,0.94711185
shap_guided,538,7,0.82023895,0.7142857142857143,0.7142857142857143,0.9066731
shap_guided,538,7,0.82023895,0.7142857142857143,0.7142857142857143,0.9066731
shap_guided,538,7,0.82023895,0.7142857142857143,0.7142857142857143,0.9066731
shap_guided,672,5,0.39395973,0.6,0.8,0.5480979
shap_guided,672,6,0.4734194,0.6666666666666666,0.8333333333333334,0.6101408
shap_guided,672,6,0.7315753,0.6666666666666666,0.8333333333333334,0.94285095
shap_guided,659,6,0.6494756,0.8333333333333334,0.8333333333333334,0.8019809
shap_guided,659,6,0.6494756,0.8333333333333334,0.8333333333333334,0.8019809
shap_guided,659,6,0.4757083,0.8333333333333334,0.8333333333333334,0.5874108
shap_guided,944,4,0.5032694,0.75,0.75,0.80355865
shap_guided,944,6,0.7241896,0.8333333333333334,0.8333333333333334,0.9519475
shap_guided,944,6,0.72374445,0.6666666666666666,0.8333333333333334,0.95136243
shap_guided,428,7,0.8531864,0.5714285714285714,0.8571428571428571,0.9716499
shap_guided,428,7,0.8531864,0.5714285714285714,0.8571428571428571,0.9716499
shap_guided,428,7,0.8531864,0.5714285714285714,0.8571428571428571,0.9716499
shap_guided,837,4,0.62259877,1.0,1.0,1.0
shap_guided,837,5,0.7117501,1.0,1.0,1.0
shap_guided,837,5,0.7117501,1.0,1.0,1.0
shap_guided,722,5,0.41712806,0.6,1.0,0.600077
shap_guided,722,5,0.41712806,0.6,1.0,0.600077
shap_guided,722,5,0.67480123,0.6,1.0,0.9707635
shap_guided,573,6,0.74845606,0.8333333333333334,0.8333333333333334,0.9243633
shap_guided,573,6,0.74845606,0.8333333333333334,0.8333333333333334,0.9243633
shap_guided,573,6,0.73859227,0.6666666666666666,0.8333333333333334,0.91218126
shap_guided,1063,5,0.4087148,0.4,0.8,0.52683854
shap_guided,1063,5,0.4087148,0.4,0.8,0.52683854
shap_guided,1063,6,0.7107359,0.5,0.8333333333333334,0.8629797
shap_guided,950,5,0.5066833,0.8,0.8,0.66897774
shap_guided,950,6,0.6807649,0.8333333333333334,0.8333333333333334,0.82444054
shap_guided,950,6,0.6807649,0.8333333333333334,0.8333333333333334,0.82444054
shap_guided,978,5,0.44291547,0.4,0.8,0.5499889
shap_guided,978,5,0.44291547,0.4,0.8,0.5499889
shap_guided,978,5,0.53370833,0.4,0.8,0.6627307
shap_guided,377,6,0.74805397,0.8333333333333334,0.8333333333333334,0.91867024
shap_guided,377,6,0.74805397,0.8333333333333334,0.8333333333333334,0.91867024
shap_guided,377,6,0.74805397,0.8333333333333334,0.8333333333333334,0.91867024
shap_guided,10,6,0.74355054,0.6666666666666666,0.6666666666666666,0.84685844
shap_guided,10,7,0.838392,0.7142857142857143,0.7142857142857143,0.91154397
shap_guided,10,7,0.838392,0.7142857142857143,0.7142857142857143,0.91154397
shap_guided,32,6,0.59415865,0.6666666666666666,0.8333333333333334,0.7777376
shap_guided,32,6,0.7288325,0.6666666666666666,0.8333333333333334,0.954022
shap_guided,32,6,0.7288325,0.6666666666666666,0.8333333333333334,0.954022
